<?xml version="1.0"?>
<!DOCTYPE BlastOutput PUBLIC "-//NCBI//NCBI BlastOutput/EN" "http://www.ncbi.nlm.nih.gov/dtd/NCBI_BlastOutput.dtd">
<BlastOutput>
  <BlastOutput_program>blastp</BlastOutput_program>
  <BlastOutput_version>BLASTP 2.14.0+</BlastOutput_version>
  <BlastOutput_reference>Stephen F. Altschul, Thomas L. Madden, Alejandro A. Sch&amp;auml;ffer, Jinghui Zhang, Zheng Zhang, Webb Miller, and David J. Lipman (1997), &quot;Gapped BLAST and PSI-BLAST: a new generation of protein database search programs&quot;, Nucleic Acids Res. 25:3389-3402.</BlastOutput_reference>
  <BlastOutput_db>refseq_protein</BlastOutput_db>
  <BlastOutput_query-ID>Query_58853</BlastOutput_query-ID>
  <BlastOutput_query-def>unnamed protein product</BlastOutput_query-def>
  <BlastOutput_query-len>566</BlastOutput_query-len>
  <BlastOutput_param>
    <Parameters>
      <Parameters_matrix>BLOSUM62</Parameters_matrix>
      <Parameters_expect>10</Parameters_expect>
      <Parameters_gap-open>11</Parameters_gap-open>
      <Parameters_gap-extend>1</Parameters_gap-extend>
      <Parameters_filter>F</Parameters_filter>
    </Parameters>
  </BlastOutput_param>
<BlastOutput_iterations>
<Iteration>
  <Iteration_iter-num>1</Iteration_iter-num>
  <Iteration_query-ID>Query_58853</Iteration_query-ID>
  <Iteration_query-def>unnamed protein product</Iteration_query-def>
  <Iteration_query-len>566</Iteration_query-len>
<Iteration_hits>
<Hit>
  <Hit_num>1</Hit_num>
  <Hit_id>ref|NP_690863.1|</Hit_id>
  <Hit_def>L-amino-acid oxidase isoform 1 precursor [Homo sapiens]</Hit_def>
  <Hit_accession>NP_690863</Hit_accession>
  <Hit_len>567</Hit_len>
  <Hit_hsps>
    <Hsp>
      <Hsp_num>1</Hsp_num>
      <Hsp_bit-score>41.2022</Hsp_bit-score>
      <Hsp_score>95</Hsp_score>
      <Hsp_evalue>0.00967919</Hsp_evalue>
      <Hsp_query-from>25</Hsp_query-from>
      <Hsp_query-to>63</Hsp_query-to>
      <Hsp_hit-from>63</Hsp_hit-from>
      <Hsp_hit-to>99</Hsp_hit-to>
      <Hsp_query-frame>0</Hsp_query-frame>
      <Hsp_hit-frame>0</Hsp_hit-frame>
      <Hsp_identity>23</Hsp_identity>
      <Hsp_positive>30</Hsp_positive>
      <Hsp_gaps>2</Hsp_gaps>
      <Hsp_align-len>39</Hsp_align-len>
      <Hsp_qseq>IVVGAGLAGLVAACELADRGLRVLILDQENRANVGGQAF</Hsp_qseq>
      <Hsp_hseq>IVVGAGVAGLVAAKVLSDAGHKVTILEADNR--IGGRIF</Hsp_hseq>
      <Hsp_midline>IVVGAG+AGLVAA  L+D G +V IL+ +NR  +GG+ F</Hsp_midline>
    </Hsp>
  </Hit_hsps>
</Hit>
<Hit>
  <Hit_num>2</Hit_num>
  <Hit_id>ref|NP_001244946.1|</Hit_id>
  <Hit_def>L-amino-acid oxidase isoform 2 precursor [Homo sapiens] &gt;ref|NP_001244947.1| L-amino-acid oxidase isoform 2 precursor [Homo sapiens] &gt;ref|NP_758962.1| L-amino-acid oxidase isoform 2 precursor [Homo sapiens]</Hit_def>
  <Hit_accession>NP_001244946</Hit_accession>
  <Hit_len>589</Hit_len>
  <Hit_hsps>
    <Hsp>
      <Hsp_num>1</Hsp_num>
      <Hsp_bit-score>41.2022</Hsp_bit-score>
      <Hsp_score>95</Hsp_score>
      <Hsp_evalue>0.0101483</Hsp_evalue>
      <Hsp_query-from>25</Hsp_query-from>
      <Hsp_query-to>63</Hsp_query-to>
      <Hsp_hit-from>85</Hsp_hit-from>
      <Hsp_hit-to>121</Hsp_hit-to>
      <Hsp_query-frame>0</Hsp_query-frame>
      <Hsp_hit-frame>0</Hsp_hit-frame>
      <Hsp_identity>23</Hsp_identity>
      <Hsp_positive>30</Hsp_positive>
      <Hsp_gaps>2</Hsp_gaps>
      <Hsp_align-len>39</Hsp_align-len>
      <Hsp_qseq>IVVGAGLAGLVAACELADRGLRVLILDQENRANVGGQAF</Hsp_qseq>
      <Hsp_hseq>IVVGAGVAGLVAAKVLSDAGHKVTILEADNR--IGGRIF</Hsp_hseq>
      <Hsp_midline>IVVGAG+AGLVAA  L+D G +V IL+ +NR  +GG+ F</Hsp_midline>
    </Hsp>
  </Hit_hsps>
</Hit>
</Iteration_hits>
  <Iteration_stat>
    <Statistics>
      <Statistics_db-num>105983</Statistics_db-num>
      <Statistics_db-len>80043387</Statistics_db-len>
      <Statistics_hsp-len>0</Statistics_hsp-len>
      <Statistics_eff-space>0</Statistics_eff-space>
      <Statistics_kappa>0.041</Statistics_kappa>
      <Statistics_lambda>0.267</Statistics_lambda>
      <Statistics_entropy>0.14</Statistics_entropy>
    </Statistics>
  </Iteration_stat>
</Iteration>
</BlastOutput_iterations>
</BlastOutput>
