<?xml version="1.0"?>
<!DOCTYPE BlastOutput PUBLIC "-//NCBI//NCBI BlastOutput/EN" "http://www.ncbi.nlm.nih.gov/dtd/NCBI_BlastOutput.dtd">
<BlastOutput>
  <BlastOutput_program>blastp</BlastOutput_program>
  <BlastOutput_version>BLASTP 2.14.0+</BlastOutput_version>
  <BlastOutput_reference>Stephen F. Altschul, Thomas L. Madden, Alejandro A. Sch&amp;auml;ffer, Jinghui Zhang, Zheng Zhang, Webb Miller, and David J. Lipman (1997), &quot;Gapped BLAST and PSI-BLAST: a new generation of protein database search programs&quot;, Nucleic Acids Res. 25:3389-3402.</BlastOutput_reference>
  <BlastOutput_db>refseq_protein</BlastOutput_db>
  <BlastOutput_query-ID>Query_398443</BlastOutput_query-ID>
  <BlastOutput_query-def>unnamed protein product</BlastOutput_query-def>
  <BlastOutput_query-len>155</BlastOutput_query-len>
  <BlastOutput_param>
    <Parameters>
      <Parameters_matrix>BLOSUM62</Parameters_matrix>
      <Parameters_expect>10</Parameters_expect>
      <Parameters_gap-open>11</Parameters_gap-open>
      <Parameters_gap-extend>1</Parameters_gap-extend>
      <Parameters_filter>F</Parameters_filter>
    </Parameters>
  </BlastOutput_param>
<BlastOutput_iterations>
<Iteration>
  <Iteration_iter-num>1</Iteration_iter-num>
  <Iteration_query-ID>Query_398443</Iteration_query-ID>
  <Iteration_query-def>unnamed protein product</Iteration_query-def>
  <Iteration_query-len>155</Iteration_query-len>
<Iteration_hits>
<Hit>
  <Hit_num>1</Hit_num>
  <Hit_id>ref|XP_054214802.1|</Hit_id>
  <Hit_def>tensin-3 isoform X8 [Homo sapiens]</Hit_def>
  <Hit_accession>XP_054214802</Hit_accession>
  <Hit_len>1488</Hit_len>
  <Hit_hsps>
    <Hsp>
      <Hsp_num>1</Hsp_num>
      <Hsp_bit-score>32.7278</Hsp_bit-score>
      <Hsp_score>73</Hsp_score>
      <Hsp_evalue>0.658096</Hsp_evalue>
      <Hsp_query-from>1</Hsp_query-from>
      <Hsp_query-to>35</Hsp_query-to>
      <Hsp_hit-from>639</Hsp_hit-from>
      <Hsp_hit-to>673</Hsp_hit-to>
      <Hsp_query-frame>0</Hsp_query-frame>
      <Hsp_hit-frame>0</Hsp_hit-frame>
      <Hsp_identity>14</Hsp_identity>
      <Hsp_positive>19</Hsp_positive>
      <Hsp_gaps>0</Hsp_gaps>
      <Hsp_align-len>35</Hsp_align-len>
      <Hsp_qseq>MVTRQLGRAPRGVLAIAYRCPNGEPGVVKTAPRLP</Hsp_qseq>
      <Hsp_hseq>VVAHQYSFAPDGEARLVSRCPADNPGLVQAQPRVP</Hsp_hseq>
      <Hsp_midline>+V  Q   AP G   +  RCP   PG+V+  PR+P</Hsp_midline>
    </Hsp>
  </Hit_hsps>
</Hit>
<Hit>
  <Hit_num>2</Hit_num>
  <Hit_id>ref|XP_016868026.1|</Hit_id>
  <Hit_def>tensin-3 isoform X2 [Homo sapiens]</Hit_def>
  <Hit_accession>XP_016868026</Hit_accession>
  <Hit_len>1548</Hit_len>
  <Hit_hsps>
    <Hsp>
      <Hsp_num>1</Hsp_num>
      <Hsp_bit-score>32.7278</Hsp_bit-score>
      <Hsp_score>73</Hsp_score>
      <Hsp_evalue>0.716971</Hsp_evalue>
      <Hsp_query-from>1</Hsp_query-from>
      <Hsp_query-to>35</Hsp_query-to>
      <Hsp_hit-from>699</Hsp_hit-from>
      <Hsp_hit-to>733</Hsp_hit-to>
      <Hsp_query-frame>0</Hsp_query-frame>
      <Hsp_hit-frame>0</Hsp_hit-frame>
      <Hsp_identity>14</Hsp_identity>
      <Hsp_positive>19</Hsp_positive>
      <Hsp_gaps>0</Hsp_gaps>
      <Hsp_align-len>35</Hsp_align-len>
      <Hsp_qseq>MVTRQLGRAPRGVLAIAYRCPNGEPGVVKTAPRLP</Hsp_qseq>
      <Hsp_hseq>VVAHQYSFAPDGEARLVSRCPADNPGLVQAQPRVP</Hsp_hseq>
      <Hsp_midline>+V  Q   AP G   +  RCP   PG+V+  PR+P</Hsp_midline>
    </Hsp>
  </Hit_hsps>
</Hit>
<Hit>
  <Hit_num>3</Hit_num>
  <Hit_id>ref|NP_001397807.1|</Hit_id>
  <Hit_def>tensin-3 isoform 2 [Homo sapiens]</Hit_def>
  <Hit_accession>NP_001397807</Hit_accession>
  <Hit_len>1548</Hit_len>
  <Hit_hsps>
    <Hsp>
      <Hsp_num>1</Hsp_num>
      <Hsp_bit-score>32.3426</Hsp_bit-score>
      <Hsp_score>72</Hsp_score>
      <Hsp_evalue>0.730427</Hsp_evalue>
      <Hsp_query-from>1</Hsp_query-from>
      <Hsp_query-to>35</Hsp_query-to>
      <Hsp_hit-from>699</Hsp_hit-from>
      <Hsp_hit-to>733</Hsp_hit-to>
      <Hsp_query-frame>0</Hsp_query-frame>
      <Hsp_hit-frame>0</Hsp_hit-frame>
      <Hsp_identity>14</Hsp_identity>
      <Hsp_positive>19</Hsp_positive>
      <Hsp_gaps>0</Hsp_gaps>
      <Hsp_align-len>35</Hsp_align-len>
      <Hsp_qseq>MVTRQLGRAPRGVLAIAYRCPNGEPGVVKTAPRLP</Hsp_qseq>
      <Hsp_hseq>VVAHQYSFAPDGEARLVSRCPADNPGLVQAQPRVP</Hsp_hseq>
      <Hsp_midline>+V  Q   AP G   +  RCP   PG+V+  PR+P</Hsp_midline>
    </Hsp>
  </Hit_hsps>
</Hit>
<Hit>
  <Hit_num>4</Hit_num>
  <Hit_id>ref|XP_047276679.1|</Hit_id>
  <Hit_def>tensin-3 isoform X1 [Homo sapiens] &gt;ref|XP_047276680.1| tensin-3 isoform X1 [Homo sapiens]</Hit_def>
  <Hit_accession>XP_047276679</Hit_accession>
  <Hit_len>1575</Hit_len>
  <Hit_hsps>
    <Hsp>
      <Hsp_num>1</Hsp_num>
      <Hsp_bit-score>32.3426</Hsp_bit-score>
      <Hsp_score>72</Hsp_score>
      <Hsp_evalue>0.731045</Hsp_evalue>
      <Hsp_query-from>1</Hsp_query-from>
      <Hsp_query-to>35</Hsp_query-to>
      <Hsp_hit-from>726</Hsp_hit-from>
      <Hsp_hit-to>760</Hsp_hit-to>
      <Hsp_query-frame>0</Hsp_query-frame>
      <Hsp_hit-frame>0</Hsp_hit-frame>
      <Hsp_identity>14</Hsp_identity>
      <Hsp_positive>19</Hsp_positive>
      <Hsp_gaps>0</Hsp_gaps>
      <Hsp_align-len>35</Hsp_align-len>
      <Hsp_qseq>MVTRQLGRAPRGVLAIAYRCPNGEPGVVKTAPRLP</Hsp_qseq>
      <Hsp_hseq>VVAHQYSFAPDGEARLVSRCPADNPGLVQAQPRVP</Hsp_hseq>
      <Hsp_midline>+V  Q   AP G   +  RCP   PG+V+  PR+P</Hsp_midline>
    </Hsp>
  </Hit_hsps>
</Hit>
<Hit>
  <Hit_num>5</Hit_num>
  <Hit_id>ref|XP_011513780.1|</Hit_id>
  <Hit_def>tensin-3 isoform X7 [Homo sapiens]</Hit_def>
  <Hit_accession>XP_011513780</Hit_accession>
  <Hit_len>1534</Hit_len>
  <Hit_hsps>
    <Hsp>
      <Hsp_num>1</Hsp_num>
      <Hsp_bit-score>32.3426</Hsp_bit-score>
      <Hsp_score>72</Hsp_score>
      <Hsp_evalue>0.736917</Hsp_evalue>
      <Hsp_query-from>1</Hsp_query-from>
      <Hsp_query-to>35</Hsp_query-to>
      <Hsp_hit-from>685</Hsp_hit-from>
      <Hsp_hit-to>719</Hsp_hit-to>
      <Hsp_query-frame>0</Hsp_query-frame>
      <Hsp_hit-frame>0</Hsp_hit-frame>
      <Hsp_identity>14</Hsp_identity>
      <Hsp_positive>19</Hsp_positive>
      <Hsp_gaps>0</Hsp_gaps>
      <Hsp_align-len>35</Hsp_align-len>
      <Hsp_qseq>MVTRQLGRAPRGVLAIAYRCPNGEPGVVKTAPRLP</Hsp_qseq>
      <Hsp_hseq>VVAHQYSFAPDGEARLVSRCPADNPGLVQAQPRVP</Hsp_hseq>
      <Hsp_midline>+V  Q   AP G   +  RCP   PG+V+  PR+P</Hsp_midline>
    </Hsp>
  </Hit_hsps>
</Hit>
<Hit>
  <Hit_num>6</Hit_num>
  <Hit_id>ref|NP_001397806.1|</Hit_id>
  <Hit_def>tensin-3 isoform 1 [Homo sapiens]</Hit_def>
  <Hit_accession>NP_001397806</Hit_accession>
  <Hit_len>1559</Hit_len>
  <Hit_hsps>
    <Hsp>
      <Hsp_num>1</Hsp_num>
      <Hsp_bit-score>32.3426</Hsp_bit-score>
      <Hsp_score>72</Hsp_score>
      <Hsp_evalue>0.751346</Hsp_evalue>
      <Hsp_query-from>1</Hsp_query-from>
      <Hsp_query-to>35</Hsp_query-to>
      <Hsp_hit-from>710</Hsp_hit-from>
      <Hsp_hit-to>744</Hsp_hit-to>
      <Hsp_query-frame>0</Hsp_query-frame>
      <Hsp_hit-frame>0</Hsp_hit-frame>
      <Hsp_identity>14</Hsp_identity>
      <Hsp_positive>19</Hsp_positive>
      <Hsp_gaps>0</Hsp_gaps>
      <Hsp_align-len>35</Hsp_align-len>
      <Hsp_qseq>MVTRQLGRAPRGVLAIAYRCPNGEPGVVKTAPRLP</Hsp_qseq>
      <Hsp_hseq>VVAHQYSFAPDGEARLVSRCPADNPGLVQAQPRVP</Hsp_hseq>
      <Hsp_midline>+V  Q   AP G   +  RCP   PG+V+  PR+P</Hsp_midline>
    </Hsp>
  </Hit_hsps>
</Hit>
<Hit>
  <Hit_num>7</Hit_num>
  <Hit_id>ref|XP_054214799.1|</Hit_id>
  <Hit_def>tensin-3 isoform X5 [Homo sapiens]</Hit_def>
  <Hit_accession>XP_054214799</Hit_accession>
  <Hit_len>1537</Hit_len>
  <Hit_hsps>
    <Hsp>
      <Hsp_num>1</Hsp_num>
      <Hsp_bit-score>32.3426</Hsp_bit-score>
      <Hsp_score>72</Hsp_score>
      <Hsp_evalue>0.772052</Hsp_evalue>
      <Hsp_query-from>1</Hsp_query-from>
      <Hsp_query-to>35</Hsp_query-to>
      <Hsp_hit-from>688</Hsp_hit-from>
      <Hsp_hit-to>722</Hsp_hit-to>
      <Hsp_query-frame>0</Hsp_query-frame>
      <Hsp_hit-frame>0</Hsp_hit-frame>
      <Hsp_identity>14</Hsp_identity>
      <Hsp_positive>19</Hsp_positive>
      <Hsp_gaps>0</Hsp_gaps>
      <Hsp_align-len>35</Hsp_align-len>
      <Hsp_qseq>MVTRQLGRAPRGVLAIAYRCPNGEPGVVKTAPRLP</Hsp_qseq>
      <Hsp_hseq>VVAHQYSFAPDGEARLVSRCPADNPGLVQAQPRVP</Hsp_hseq>
      <Hsp_midline>+V  Q   AP G   +  RCP   PG+V+  PR+P</Hsp_midline>
    </Hsp>
  </Hit_hsps>
</Hit>
<Hit>
  <Hit_num>8</Hit_num>
  <Hit_id>ref|XP_011513786.1|</Hit_id>
  <Hit_def>tensin-3 isoform X10 [Homo sapiens] &gt;ref|XP_054214811.1| tensin-3 isoform X10 [Homo sapiens]</Hit_def>
  <Hit_accession>XP_011513786</Hit_accession>
  <Hit_len>1002</Hit_len>
  <Hit_hsps>
    <Hsp>
      <Hsp_num>1</Hsp_num>
      <Hsp_bit-score>32.3426</Hsp_bit-score>
      <Hsp_score>72</Hsp_score>
      <Hsp_evalue>0.872164</Hsp_evalue>
      <Hsp_query-from>1</Hsp_query-from>
      <Hsp_query-to>35</Hsp_query-to>
      <Hsp_hit-from>153</Hsp_hit-from>
      <Hsp_hit-to>187</Hsp_hit-to>
      <Hsp_query-frame>0</Hsp_query-frame>
      <Hsp_hit-frame>0</Hsp_hit-frame>
      <Hsp_identity>14</Hsp_identity>
      <Hsp_positive>19</Hsp_positive>
      <Hsp_gaps>0</Hsp_gaps>
      <Hsp_align-len>35</Hsp_align-len>
      <Hsp_qseq>MVTRQLGRAPRGVLAIAYRCPNGEPGVVKTAPRLP</Hsp_qseq>
      <Hsp_hseq>VVAHQYSFAPDGEARLVSRCPADNPGLVQAQPRVP</Hsp_hseq>
      <Hsp_midline>+V  Q   AP G   +  RCP   PG+V+  PR+P</Hsp_midline>
    </Hsp>
  </Hit_hsps>
</Hit>
</Iteration_hits>
  <Iteration_stat>
    <Statistics>
      <Statistics_db-num>860936</Statistics_db-num>
      <Statistics_db-len>97098433</Statistics_db-len>
      <Statistics_hsp-len>0</Statistics_hsp-len>
      <Statistics_eff-space>0</Statistics_eff-space>
      <Statistics_kappa>0.041</Statistics_kappa>
      <Statistics_lambda>0.267</Statistics_lambda>
      <Statistics_entropy>0.14</Statistics_entropy>
    </Statistics>
  </Iteration_stat>
</Iteration>
</BlastOutput_iterations>
</BlastOutput>
