<?xml version="1.0"?>
<!DOCTYPE BlastOutput PUBLIC "-//NCBI//NCBI BlastOutput/EN" "http://www.ncbi.nlm.nih.gov/dtd/NCBI_BlastOutput.dtd">
<BlastOutput>
  <BlastOutput_program>blastp</BlastOutput_program>
  <BlastOutput_version>BLASTP 2.14.0+</BlastOutput_version>
  <BlastOutput_reference>Stephen F. Altschul, Thomas L. Madden, Alejandro A. Sch&amp;auml;ffer, Jinghui Zhang, Zheng Zhang, Webb Miller, and David J. Lipman (1997), &quot;Gapped BLAST and PSI-BLAST: a new generation of protein database search programs&quot;, Nucleic Acids Res. 25:3389-3402.</BlastOutput_reference>
  <BlastOutput_db>refseq_protein</BlastOutput_db>
  <BlastOutput_query-ID>Query_64655</BlastOutput_query-ID>
  <BlastOutput_query-def>unnamed protein product</BlastOutput_query-def>
  <BlastOutput_query-len>446</BlastOutput_query-len>
  <BlastOutput_param>
    <Parameters>
      <Parameters_matrix>BLOSUM62</Parameters_matrix>
      <Parameters_expect>10</Parameters_expect>
      <Parameters_gap-open>11</Parameters_gap-open>
      <Parameters_gap-extend>1</Parameters_gap-extend>
      <Parameters_filter>F</Parameters_filter>
    </Parameters>
  </BlastOutput_param>
<BlastOutput_iterations>
<Iteration>
  <Iteration_iter-num>1</Iteration_iter-num>
  <Iteration_query-ID>Query_64655</Iteration_query-ID>
  <Iteration_query-def>unnamed protein product</Iteration_query-def>
  <Iteration_query-len>446</Iteration_query-len>
<Iteration_hits>
<Hit>
  <Hit_num>1</Hit_num>
  <Hit_id>ref|NP_001287.2|</Hit_id>
  <Hit_def>atypical chemokine receptor 2 [Homo sapiens]</Hit_def>
  <Hit_accession>NP_001287</Hit_accession>
  <Hit_len>384</Hit_len>
  <Hit_hsps>
    <Hsp>
      <Hsp_num>1</Hsp_num>
      <Hsp_bit-score>32.7278</Hsp_bit-score>
      <Hsp_score>73</Hsp_score>
      <Hsp_evalue>2.39254</Hsp_evalue>
      <Hsp_query-from>124</Hsp_query-from>
      <Hsp_query-to>175</Hsp_query-to>
      <Hsp_hit-from>151</Hsp_hit-from>
      <Hsp_hit-to>200</Hsp_hit-to>
      <Hsp_query-frame>0</Hsp_query-frame>
      <Hsp_hit-frame>0</Hsp_hit-frame>
      <Hsp_identity>21</Hsp_identity>
      <Hsp_positive>28</Hsp_positive>
      <Hsp_gaps>14</Hsp_gaps>
      <Hsp_align-len>58</Hsp_align-len>
      <Hsp_qseq>PSYALRRRAKALGSLTQMELLMISAALAEGWAVSVPD------HEGPKGLWGSPYEPG</Hsp_qseq>
      <Hsp_hseq>PYHRLRTRAKSL--------LLATIVWAVSLAVSIPDMVFVQTHENPKGVWNCHADFG</Hsp_hseq>
      <Hsp_midline>P + LR RAK+L        L+ +   A   AVS+PD      HE PKG+W    + G</Hsp_midline>
    </Hsp>
  </Hit_hsps>
</Hit>
</Iteration_hits>
  <Iteration_stat>
    <Statistics>
      <Statistics_db-num>105983</Statistics_db-num>
      <Statistics_db-len>80043387</Statistics_db-len>
      <Statistics_hsp-len>0</Statistics_hsp-len>
      <Statistics_eff-space>0</Statistics_eff-space>
      <Statistics_kappa>0.041</Statistics_kappa>
      <Statistics_lambda>0.267</Statistics_lambda>
      <Statistics_entropy>0.14</Statistics_entropy>
    </Statistics>
  </Iteration_stat>
</Iteration>
</BlastOutput_iterations>
</BlastOutput>
