<?xml version="1.0"?>
<!DOCTYPE BlastOutput PUBLIC "-//NCBI//NCBI BlastOutput/EN" "http://www.ncbi.nlm.nih.gov/dtd/NCBI_BlastOutput.dtd">
<BlastOutput>
  <BlastOutput_program>blastp</BlastOutput_program>
  <BlastOutput_version>BLASTP 2.14.0+</BlastOutput_version>
  <BlastOutput_reference>Stephen F. Altschul, Thomas L. Madden, Alejandro A. Sch&amp;auml;ffer, Jinghui Zhang, Zheng Zhang, Webb Miller, and David J. Lipman (1997), &quot;Gapped BLAST and PSI-BLAST: a new generation of protein database search programs&quot;, Nucleic Acids Res. 25:3389-3402.</BlastOutput_reference>
  <BlastOutput_db>refseq_protein</BlastOutput_db>
  <BlastOutput_query-ID>Query_49741</BlastOutput_query-ID>
  <BlastOutput_query-def>unnamed protein product</BlastOutput_query-def>
  <BlastOutput_query-len>92</BlastOutput_query-len>
  <BlastOutput_param>
    <Parameters>
      <Parameters_matrix>BLOSUM62</Parameters_matrix>
      <Parameters_expect>10</Parameters_expect>
      <Parameters_gap-open>11</Parameters_gap-open>
      <Parameters_gap-extend>1</Parameters_gap-extend>
      <Parameters_filter>F</Parameters_filter>
    </Parameters>
  </BlastOutput_param>
<BlastOutput_iterations>
<Iteration>
  <Iteration_iter-num>1</Iteration_iter-num>
  <Iteration_query-ID>Query_49741</Iteration_query-ID>
  <Iteration_query-def>unnamed protein product</Iteration_query-def>
  <Iteration_query-len>92</Iteration_query-len>
<Iteration_hits>
<Hit>
  <Hit_num>1</Hit_num>
  <Hit_id>gi|2462612811|ref|XP_054213446.1|</Hit_id>
  <Hit_def>ephrin type-B receptor 6 isoform X4 [Homo sapiens]</Hit_def>
  <Hit_accession>XP_054213446</Hit_accession>
  <Hit_len>989</Hit_len>
  <Hit_hsps>
    <Hsp>
      <Hsp_num>1</Hsp_num>
      <Hsp_bit-score>23.0978</Hsp_bit-score>
      <Hsp_score>48</Hsp_score>
      <Hsp_evalue>0.0122668</Hsp_evalue>
      <Hsp_query-from>33</Hsp_query-from>
      <Hsp_query-to>46</Hsp_query-to>
      <Hsp_hit-from>445</Hsp_hit-from>
      <Hsp_hit-to>458</Hsp_hit-to>
      <Hsp_query-frame>0</Hsp_query-frame>
      <Hsp_hit-frame>0</Hsp_hit-frame>
      <Hsp_identity>8</Hsp_identity>
      <Hsp_positive>12</Hsp_positive>
      <Hsp_gaps>0</Hsp_gaps>
      <Hsp_align-len>14</Hsp_align-len>
      <Hsp_qseq>VLVGGVKVHRPFIV</Hsp_qseq>
      <Hsp_hseq>VLVGGLRAHVPYIL</Hsp_hseq>
      <Hsp_midline>VLVGG++ H P+I+</Hsp_midline>
    </Hsp>
  </Hit_hsps>
</Hit>
<Hit>
  <Hit_num>2</Hit_num>
  <Hit_id>ref|XP_024302443.1|</Hit_id>
  <Hit_def>ephrin type-B receptor 6 isoform X4 [Homo sapiens]</Hit_def>
  <Hit_accession>XP_024302443</Hit_accession>
  <Hit_len>990</Hit_len>
  <Hit_hsps>
    <Hsp>
      <Hsp_num>1</Hsp_num>
      <Hsp_bit-score>23.0978</Hsp_bit-score>
      <Hsp_score>48</Hsp_score>
      <Hsp_evalue>0.0122672</Hsp_evalue>
      <Hsp_query-from>33</Hsp_query-from>
      <Hsp_query-to>46</Hsp_query-to>
      <Hsp_hit-from>446</Hsp_hit-from>
      <Hsp_hit-to>459</Hsp_hit-to>
      <Hsp_query-frame>0</Hsp_query-frame>
      <Hsp_hit-frame>0</Hsp_hit-frame>
      <Hsp_identity>8</Hsp_identity>
      <Hsp_positive>12</Hsp_positive>
      <Hsp_gaps>0</Hsp_gaps>
      <Hsp_align-len>14</Hsp_align-len>
      <Hsp_qseq>VLVGGVKVHRPFIV</Hsp_qseq>
      <Hsp_hseq>VLVGGLRAHVPYIL</Hsp_hseq>
      <Hsp_midline>VLVGG++ H P+I+</Hsp_midline>
    </Hsp>
  </Hit_hsps>
</Hit>
<Hit>
  <Hit_num>3</Hit_num>
  <Hit_id>ref|NP_001271166.2|</Hit_id>
  <Hit_def>zinc finger FYVE domain-containing protein 16 isoform b [Homo sapiens]</Hit_def>
  <Hit_accession>NP_001271166</Hit_accession>
  <Hit_len>809</Hit_len>
  <Hit_hsps>
    <Hsp>
      <Hsp_num>1</Hsp_num>
      <Hsp_bit-score>22.3274</Hsp_bit-score>
      <Hsp_score>46</Hsp_score>
      <Hsp_evalue>0.0237027</Hsp_evalue>
      <Hsp_query-from>35</Hsp_query-from>
      <Hsp_query-to>73</Hsp_query-to>
      <Hsp_hit-from>644</Hsp_hit-from>
      <Hsp_hit-to>682</Hsp_hit-to>
      <Hsp_query-frame>0</Hsp_query-frame>
      <Hsp_hit-frame>0</Hsp_hit-frame>
      <Hsp_identity>11</Hsp_identity>
      <Hsp_positive>20</Hsp_positive>
      <Hsp_gaps>0</Hsp_gaps>
      <Hsp_align-len>39</Hsp_align-len>
      <Hsp_qseq>VGGVKVHRPFIVAQRRQNARITRRVSTLDTVESPALLAD</Hsp_qseq>
      <Hsp_hseq>VGGARPKQLFSLPSRTRSSKDLNKPDVPDTIESEPSTAD</Hsp_hseq>
      <Hsp_midline>VGG +  + F +  R ++++   +    DT+ES    AD</Hsp_midline>
    </Hsp>
  </Hit_hsps>
</Hit>
<Hit>
  <Hit_num>4</Hit_num>
  <Hit_id>gi|2217358026|ref|XP_047273898.1|</Hit_id>
  <Hit_def>zinc finger FYVE domain-containing protein 16 isoform X2 [Homo sapiens]</Hit_def>
  <Hit_accession>XP_047273898</Hit_accession>
  <Hit_len>910</Hit_len>
  <Hit_hsps>
    <Hsp>
      <Hsp_num>1</Hsp_num>
      <Hsp_bit-score>22.3274</Hsp_bit-score>
      <Hsp_score>46</Hsp_score>
      <Hsp_evalue>0.0238201</Hsp_evalue>
      <Hsp_query-from>35</Hsp_query-from>
      <Hsp_query-to>73</Hsp_query-to>
      <Hsp_hit-from>644</Hsp_hit-from>
      <Hsp_hit-to>682</Hsp_hit-to>
      <Hsp_query-frame>0</Hsp_query-frame>
      <Hsp_hit-frame>0</Hsp_hit-frame>
      <Hsp_identity>11</Hsp_identity>
      <Hsp_positive>20</Hsp_positive>
      <Hsp_gaps>0</Hsp_gaps>
      <Hsp_align-len>39</Hsp_align-len>
      <Hsp_qseq>VGGVKVHRPFIVAQRRQNARITRRVSTLDTVESPALLAD</Hsp_qseq>
      <Hsp_hseq>VGGARPKQLFSLPSRTRSSKDLNKPDVPDTIESEPSTAD</Hsp_hseq>
      <Hsp_midline>VGG +  + F +  R ++++   +    DT+ES    AD</Hsp_midline>
    </Hsp>
  </Hit_hsps>
</Hit>
<Hit>
  <Hit_num>5</Hit_num>
  <Hit_id>ref|NP_079145.2|</Hit_id>
  <Hit_def>protein FAM110D [Homo sapiens]</Hit_def>
  <Hit_accession>NP_079145</Hit_accession>
  <Hit_len>271</Hit_len>
  <Hit_hsps>
    <Hsp>
      <Hsp_num>1</Hsp_num>
      <Hsp_bit-score>20.7866</Hsp_bit-score>
      <Hsp_score>42</Hsp_score>
      <Hsp_evalue>0.0860847</Hsp_evalue>
      <Hsp_query-from>80</Hsp_query-from>
      <Hsp_query-to>89</Hsp_query-to>
      <Hsp_hit-from>206</Hsp_hit-from>
      <Hsp_hit-to>215</Hsp_hit-to>
      <Hsp_query-frame>0</Hsp_query-frame>
      <Hsp_hit-frame>0</Hsp_hit-frame>
      <Hsp_identity>6</Hsp_identity>
      <Hsp_positive>9</Hsp_positive>
      <Hsp_gaps>0</Hsp_gaps>
      <Hsp_align-len>10</Hsp_align-len>
      <Hsp_qseq>GDATDWAAAD</Hsp_qseq>
      <Hsp_hseq>GDASDWTSSD</Hsp_hseq>
      <Hsp_midline>GDA+DW ++D</Hsp_midline>
    </Hsp>
  </Hit_hsps>
</Hit>
</Iteration_hits>
  <Iteration_stat>
    <Statistics>
      <Statistics_db-num>0</Statistics_db-num>
      <Statistics_db-len>0</Statistics_db-len>
      <Statistics_hsp-len>0</Statistics_hsp-len>
      <Statistics_eff-space>0</Statistics_eff-space>
      <Statistics_kappa>0.041</Statistics_kappa>
      <Statistics_lambda>0.267</Statistics_lambda>
      <Statistics_entropy>0.14</Statistics_entropy>
    </Statistics>
  </Iteration_stat>
  <Iteration_message>Query &apos;Query_49741&apos; (# 1): Warning: Filtering resulted in an empty database.</Iteration_message>
</Iteration>
</BlastOutput_iterations>
</BlastOutput>
